-- MySQL dump 10.13  Distrib 5.7.14, for osx10.11 (x86_64)
--
-- Host: localhost    Database: nudm
-- ------------------------------------------------------
-- Server version	5.7.10

/*!40101 SET @OLD_CHARACTER_SET_CLIENT=@@CHARACTER_SET_CLIENT */;
/*!40101 SET @OLD_CHARACTER_SET_RESULTS=@@CHARACTER_SET_RESULTS */;
/*!40101 SET @OLD_COLLATION_CONNECTION=@@COLLATION_CONNECTION */;
/*!40101 SET NAMES utf8 */;
/*!40103 SET @OLD_TIME_ZONE=@@TIME_ZONE */;
/*!40103 SET TIME_ZONE='+00:00' */;
/*!40014 SET @OLD_UNIQUE_CHECKS=@@UNIQUE_CHECKS, UNIQUE_CHECKS=0 */;
/*!40014 SET @OLD_FOREIGN_KEY_CHECKS=@@FOREIGN_KEY_CHECKS, FOREIGN_KEY_CHECKS=0 */;
/*!40101 SET @OLD_SQL_MODE=@@SQL_MODE, SQL_MODE='NO_AUTO_VALUE_ON_ZERO' */;
/*!40111 SET @OLD_SQL_NOTES=@@SQL_NOTES, SQL_NOTES=0 */;

--
-- Table structure for table `agencies`
--

DROP TABLE IF EXISTS `agencies`;
/*!40101 SET @saved_cs_client     = @@character_set_client */;
/*!40101 SET character_set_client = utf8 */;
CREATE TABLE `agencies` (
  `id` bigint(20) NOT NULL AUTO_INCREMENT,
  `name` varchar(255) DEFAULT NULL,
  `address` text,
  `email` varchar(255) DEFAULT NULL,
  `phone_number` varchar(255) DEFAULT NULL,
  `office_hours` varchar(255) DEFAULT NULL,
  `contact_name` varchar(255) DEFAULT NULL,
  `about` text,
  `website_url` text,
  `created_at` datetime NOT NULL,
  `updated_at` datetime NOT NULL,
  PRIMARY KEY (`id`)
) ENGINE=InnoDB AUTO_INCREMENT=31 DEFAULT CHARSET=latin1;
/*!40101 SET character_set_client = @saved_cs_client */;

--
-- Dumping data for table `agencies`
--

LOCK TABLES `agencies` WRITE;
/*!40000 ALTER TABLE `agencies` DISABLE KEYS */;
INSERT INTO `agencies` VALUES (1,'Labadie, Waelchi and Kub','2185 Murazik Walks, Chaddshire, Missouri 97381-9899','emerald.bergnaum@rennerkulas.com','1-394-343-5858 x049','Unde cumque enim odit eos sit quia ad omnis.','Roman Schneider','Repellat ducimus quo aliquam ut et minus incidunt. Maxime reprehenderit mollitia placeat asperiores. Modi optio et at distinctio qui ut molestias. Ullam sapiente sed.','http://sporer.io/reanna','2018-02-20 20:01:53','2018-02-20 20:11:35'),(2,'Emard LLC','87784 Beier Isle, Lake Violette, Indiana 62127','donald@gaylord.biz','483.355.3448 x2503','Nisi velit eos architecto.','Grant Runolfsson','Quod voluptate deserunt est eligendi est ut laboriosam. Molestias ut vitae non. Sunt quo a est. Rerum quas qui mollitia. Voluptas fugit deleniti.','http://mitchell.org/rosalee_stiedemann','2018-02-20 20:01:53','2018-02-20 20:11:35'),(3,'Ward, Vandervort and Kunze','2204 Okuneva Flats, Treyport, Texas 20563','violet_kiehn@hoeger.info','903.384.6231 x9350','Perspiciatis et architecto aut ducimus consequuntur.','Simeon Mann','Fugit placeat nihil blanditiis dolor quis. Ducimus vel dolorum laboriosam nulla. Quis consequatur sit labore est accusantium. Repellendus aut atque.','http://johnson.io/damaris_johnston','2018-02-20 20:01:53','2018-02-20 20:11:35'),(4,'Shanahan Group','82382 Roberts Junctions, West Devinland, Idaho 80254-2231','jane.weinat@keeblerwintheiser.org','205-307-8993','Cumque nesciunt perspiciatis est tempore.','Demarcus Brakus','Ullam voluptas eligendi asperiores facere reprehenderit odio. Et illum explicabo. Nihil ipsum laboriosam ea.','http://collier.io/bernardo_littel','2018-02-20 20:01:53','2018-02-20 20:11:35'),(5,'Cassin-Kuphal','4367 Lessie Fords, Vellaburgh, Texas 24970-7984','clement@rosenbaumlueilwitz.biz','993.422.9638 x439','Dolore deleniti deserunt sunt aperiam odit et pariatur maiores.','Annabell Tremblay V','Soluta culpa veniam. Illum maxime quod et autem ipsam. Repellat occaecati sequi. Deleniti ipsum cum minus illo praesentium aut.','http://ward.co/gianni','2018-02-20 20:01:53','2018-02-20 20:11:35'),(6,'Vandervort Inc','409 Toy Drive, North Hazel, Nebraska 59959','tiara@sipes.io','867.605.3366','Perspiciatis quam sit ratione incidunt voluptatem sed.','Jerrod Howe','Inventore doloremque consequatur dolorem qui necessitatibus. Dolorum nostrum molestiae. Dignissimos dolorum quos nostrum omnis neque consequatur.','http://lockmanwehner.com/wilburn_doyle','2018-02-20 20:01:53','2018-02-20 20:11:35'),(7,'Bogan and Sons','3158 Cummings Mountain, Coleton, Vermont 61251-2013','jeff_orn@rueckervon.org','266.878.7703 x293','Dolor eos ea dolorum iusto quo provident.','Kaden Lemke','Animi consequuntur fuga officiis accusamus pariatur a est. Quibusdam corrupti odio. Unde consectetur libero ex. Autem voluptatem possimus sit praesentium illo.','http://ruecker.net/newell_leannon','2018-02-20 20:01:53','2018-02-20 20:11:35'),(8,'Gottlieb, Bayer and Hodkiewicz','70289 Leanne Vista, Alvisshire, New Jersey 20856','bud@jaskolski.name','152.997.8824','Repellendus omnis neque molestias sequi quisquam dolore rem.','Jairo Weissnat','Dolorem nesciunt odio placeat. Quis incidunt adipisci qui explicabo distinctio pariatur non. Corporis id animi ea perspiciatis quo adipisci inventore. Rem et dolor necessitatibus. Atque non magnam quibusdam veritatis maiores.','http://konopelskilubowitz.info/sterling.kautzer','2018-02-20 20:01:53','2018-02-20 20:11:35'),(9,'Bergstrom and Sons','76018 Cathy Mount, Port Eulahhaven, New Hampshire 37973','alana@emard.io','968.547.6721 x91514','Ab dolore doloremque beatae soluta velit aliquam.','Ms. Finn Stanton','Ut sint dignissimos molestiae beatae. Beatae esse eum. Provident voluptatum nulla non sit aliquid sit. Animi est enim maxime atque. Suscipit sunt sequi ut qui qui dolores quo.','http://cummings.com/alia','2018-02-20 20:01:53','2018-02-20 20:11:35'),(10,'Huels Inc','691 Ferry Dam, Borermouth, Washington 78295-9074','gladys_miller@gorczanymueller.co','146.223.7159 x69252','Nihil voluptate aut minus.','Montana McCullough','Sit incidunt vitae velit cupiditate sunt. Quis sunt dolore et corporis aut. Et dolores sint. Id sequi voluptas ipsum similique.','http://fadelskiles.net/clemmie','2018-02-20 20:01:53','2018-02-20 20:11:35'),(11,'Veum, Bruen and Schowalter','37910 Macejkovic Canyon, East Daisyport, Michigan 89663-8763','valentine@rice.co','719.679.4348 x1881','Odit sequi quos est sint numquam.','Jaiden Langosh','Pariatur et deleniti quo. Earum aut amet nulla. Recusandae omnis cupiditate aperiam. Officiis non deserunt reprehenderit.','http://halvorson.net/oswaldo','2018-02-20 20:01:53','2018-02-20 20:11:35'),(12,'Kihn Inc','22693 Trent Ville, Nathanielhaven, Arizona 43598-7880','madisen_huel@keler.co','150-026-1729 x7401','In mollitia consequatur dolores illo necessitatibus dolorem fugiat.','Rozella Hackett','Accusamus et molestiae fugiat praesentium. Amet molestiae qui doloribus aliquid facere. Esse repudiandae delectus consectetur nemo.','http://pacochalangosh.net/sherwood','2018-02-20 20:01:53','2018-02-20 20:11:35'),(13,'Reinger-Swaniawski','10615 Garrick Lane, Morganshire, Massachusetts 93473-5134','pasquale@jacobsonschultz.name','778-885-0983 x2672','Doloremque sunt impedit amet officiis reprehenderit ut vitae nostrum.','Hanna Altenwerth','Voluptate voluptas quod aut pariatur vel quibusdam in. Quisquam ratione provident labore et repudiandae ut odio. Et repellendus quia nulla voluptates ipsam animi. Qui rerum et et atque.','http://walker.org/carmelo','2018-02-20 20:01:53','2018-02-20 20:11:35'),(14,'Fadel, Schmeler and Stanton','89646 Theresa Springs, West Claudiatown, Kansas 46080','anya.lang@carter.io','937.586.9294 x85911','Error doloribus autem quo quam dicta voluptatem.','Dannie Raynor','Maiores aut et quaerat dolorem. Adipisci ipsam molestias. Quos facilis quisquam labore.','http://satterfield.name/virginie_zieme','2018-02-20 20:01:53','2018-02-20 20:11:35'),(15,'Mohr-Bogan','67726 Derrick Club, New Jedediah, Maryland 88769','amelie@mohr.org','1-570-197-8779 x065','Unde itaque hic laborum laudantium et.','Dagmar Swift','Molestiae sint qui soluta perspiciatis ut et possimus. Ea sit ab ratione necessitatibus eaque. Error libero doloremque repellendus sunt nesciunt dolor sapiente. Fugiat non aut. Molestias ex ea.','http://blick.co/rae_bayer','2018-02-20 20:01:53','2018-02-20 20:11:35'),(16,'Turcotte Inc','25895 Monahan Fall, New Anahiport, Texas 37858-7628','magnus.oreilly@gusikowski.co','1-581-569-6750 x270','Vel cupiditate vitae non.','Ms. Kyra Parisian','Consectetur vitae sapiente rerum quis. Fuga sit consequatur cupiditate aspernatur. Quasi aliquid voluptas minus ipsum exercitationem sit. Odio quisquam sunt. Fugit ea aperiam.','http://marvin.biz/emmett','2018-02-20 20:01:53','2018-02-20 20:11:35'),(17,'Hoeger LLC','96455 Rolfson Brook, West Valliebury, West Virginia 52053-5133','bettye@pfeffer.biz','390.537.7031','Id voluptas reiciendis ad quos consequatur aut vero non.','Aaliyah Bosco','Tempora eveniet quia hic voluptates non eligendi. Quos aut nulla fugit aut porro tenetur. Voluptas porro eaque numquam dicta quo. Commodi nihil voluptas qui.','http://rogahn.com/eleanore','2018-02-20 20:01:53','2018-02-20 20:11:35'),(18,'Cartwright and Sons','9836 Shad Landing, West Gudrunfort, Arizona 89425','kip@swaniawskibrekke.net','310.191.2615 x9347','Dolor in et est est.','Leanna Waelchi','In dolore ullam nihil perspiciatis adipisci nisi consequatur. Doloremque eaque nobis sunt voluptatem iste. Autem at beatae necessitatibus dolorum ullam. Facere amet qui ut delectus est. Laudantium ut voluptatem assumenda modi.','http://goyetteharvey.co/jerome.gleason','2018-02-20 20:01:53','2018-02-20 20:11:35'),(19,'Herzog-Heathcote','2687 Zora Mall, Ramirofurt, Utah 10215','torey.ullrich@hermistonmcdermott.biz','752-692-9551 x1238','Nesciunt asperiores accusamus enim cumque.','Abner O\'Reilly','Quibusdam vitae repellat. Hic numquam blanditiis sed excepturi. Vitae rerum qui. Natus omnis nostrum modi amet blanditiis ea. Qui non debitis nemo.','http://hilpert.name/rowena','2018-02-20 20:01:53','2018-02-20 20:11:35'),(20,'Kunde LLC','775 Kitty Island, Port Malikaside, Kentucky 44036-9390','milo_bauch@browngrady.info','(707) 546-4322','Ipsum illum laboriosam atque omnis.','Casimir Hammes','Unde repudiandae beatae assumenda. Ipsum sunt quas ut. Nemo cupiditate nam. Blanditiis dolores omnis a atque sit quo sapiente. Repellat rem quidem illo.','http://wintheiser.io/thora','2018-02-20 20:01:53','2018-02-20 20:11:35'),(21,'Greenfelder-Collier','847 Jazmin Manor, Nienowstad, Hawaii 33058-6755','abigail_johnston@kunde.biz','1-701-166-5865','Qui enim qui quaerat.','Mina O\'Reilly II','Facere eum tempore tempora in. Consequatur quod perspiciatis illo eum deserunt dolorum. Quod neque vel repudiandae. Nostrum dicta sed vel.','http://stamm.name/alexandre.jakubowski','2018-02-20 20:01:53','2018-02-20 20:11:35'),(22,'Roob Group','64059 Haag Vista, New Wade, South Carolina 30985','marion.luettgen@renner.name','995.387.2427','Numquam voluptatem quidem nesciunt.','Kevon VonRueden III','Est sed illum laudantium. Enim repellendus necessitatibus temporibus perferendis ut voluptates dolores. Repellat et saepe iusto expedita. Distinctio voluptas exercitationem iure rem culpa. Aut fuga expedita ut.','http://kunde.name/dave_stamm','2018-02-20 20:01:53','2018-02-20 20:11:35'),(23,'Witting, Homenick and Lang','283 Chaz Cliffs, Randallburgh, Pennsylvania 61818-8059','sam_gleichner@raynorhintz.biz','(761) 687-4187','Eveniet aut vel quo.','Cecilia Schulist','Iusto fugiat tempora voluptas. Rerum officia voluptas velit magnam quisquam amet. Magnam amet nihil sit atque corrupti. Itaque quia perspiciatis cumque.','http://dickensweber.biz/caesar.von','2018-02-20 20:01:53','2018-02-20 20:11:35'),(24,'Casper, Littel and Connelly','268 Abernathy Pass, Monserratemouth, Oregon 67630','arlie_greenfelder@borerrenner.info','729.136.3453','Doloremque nihil amet dolor voluptate eius.','Ms. Roxane Sporer','Qui a rerum sit quisquam repellendus et. Est et omnis. In ut tenetur qui eum. Ipsam nobis id. Exercitationem provident voluptatem velit.','http://lang.net/adan','2018-02-20 20:01:53','2018-02-20 20:11:35'),(25,'Torp, Spencer and Predovic','556 Powlowski Alley, Sengershire, Maine 42026-1092','rafaela_ward@kerluke.co','1-662-283-2853','Earum voluptas ut consequuntur numquam quibusdam.','Lisa Collins','Dolor quia aut et repellat quas qui. Voluptatum at non. Ut ea sint assumenda qui. Consequuntur nesciunt in cumque ratione voluptatem inventore natus.','http://marvin.biz/donnell','2018-02-20 20:01:53','2018-02-20 20:11:35'),(26,'Kiehn Group','523 Bruen Ridges, Carmelaport, Kentucky 25306-9406','elouise@goyette.io','156.621.4219','Aspernatur vitae inventore qui delectus porro blanditiis occaecati labore.','Winona Weissnat IV','Aliquam magnam et laudantium facilis fugiat error. Quos quasi pariatur. Rerum voluptatem quia reprehenderit suscipit. Voluptates et sint unde incidunt. Ut odit et dolor adipisci sit iste.','http://pouros.name/jeanette','2018-02-20 20:01:53','2018-02-20 20:11:35'),(27,'Monahan-Heidenreich','447 Sallie Green, New Josiahmouth, Arkansas 27982','reilly@wilkinson.info','397-936-1576 x063','Assumenda sit excepturi nobis est.','Michaela Casper','Exercitationem architecto accusantium blanditiis corrupti aliquam consequatur nemo. Pariatur delectus libero in. Cum perferendis nisi.','http://konopelski.info/wendell.halvorson','2018-02-20 20:01:53','2018-02-20 20:11:35'),(28,'Crooks Group','52529 Beryl Locks, Lake Jacklynberg, Idaho 51968','brenda@mcculloughshields.com','(827) 058-3508','Debitis molestias ut quidem omnis omnis enim doloremque.','Dr. Josiah Heller','Dolorum quo repellendus est. Autem sapiente quae. Sed exercitationem consequatur consequatur explicabo.','http://williamson.biz/lurline','2018-02-20 20:01:53','2018-02-20 20:11:35'),(29,'Hessel, Koss and MacGyver','405 Donnelly Shoal, Priceland, Vermont 42131-6841','ahmed.klein@lindbrekke.net','1-954-683-7850 x30189','Hic qui doloremque corrupti harum.','Lonzo Brown','Aspernatur dolor assumenda saepe deleniti iste corporis non. Ut et sed facilis quia rem. Doloribus et molestiae quo ipsam eum voluptatem rerum.','http://huel.biz/jacques.oberbrunner','2018-02-20 20:01:53','2018-02-20 20:11:35'),(30,'Hills Group','13933 Ayana Spur, Littelhaven, Hawaii 15794-1914','obie.reinger@bednarwillms.io','167-730-1408 x945','Eum reiciendis quia aliquam.','Irma Bradtke','Possimus qui tempora non nobis. Qui cupiditate temporibus fugit voluptas. Doloribus labore autem molestiae pariatur assumenda consequatur. Ut tenetur sint.','http://hayes.org/jocelyn.gerhold','2018-02-20 20:01:53','2018-02-20 20:11:35');
/*!40000 ALTER TABLE `agencies` ENABLE KEYS */;
UNLOCK TABLES;

--
-- Table structure for table `ar_internal_metadata`
--

DROP TABLE IF EXISTS `ar_internal_metadata`;
/*!40101 SET @saved_cs_client     = @@character_set_client */;
/*!40101 SET character_set_client = utf8 */;
CREATE TABLE `ar_internal_metadata` (
  `key` varchar(255) NOT NULL,
  `value` varchar(255) DEFAULT NULL,
  `created_at` datetime NOT NULL,
  `updated_at` datetime NOT NULL,
  PRIMARY KEY (`key`)
) ENGINE=InnoDB DEFAULT CHARSET=latin1;
/*!40101 SET character_set_client = @saved_cs_client */;

--
-- Dumping data for table `ar_internal_metadata`
--

LOCK TABLES `ar_internal_metadata` WRITE;
/*!40000 ALTER TABLE `ar_internal_metadata` DISABLE KEYS */;
INSERT INTO `ar_internal_metadata` VALUES ('environment','development','2018-02-20 03:13:14','2018-02-20 03:13:14');
/*!40000 ALTER TABLE `ar_internal_metadata` ENABLE KEYS */;
UNLOCK TABLES;

--
-- Table structure for table `keyword_associations`
--

DROP TABLE IF EXISTS `keyword_associations`;
/*!40101 SET @saved_cs_client     = @@character_set_client */;
/*!40101 SET character_set_client = utf8 */;
CREATE TABLE `keyword_associations` (
  `id` bigint(20) NOT NULL AUTO_INCREMENT,
  `keyword_id` int(11) DEFAULT NULL,
  `agency_id` int(11) DEFAULT NULL,
  `opportunity_id` int(11) DEFAULT NULL,
  `volunteer_id` int(11) DEFAULT NULL,
  `created_at` datetime NOT NULL,
  `updated_at` datetime NOT NULL,
  PRIMARY KEY (`id`)
) ENGINE=InnoDB AUTO_INCREMENT=3201 DEFAULT CHARSET=latin1;
/*!40101 SET character_set_client = @saved_cs_client */;

--
-- Dumping data for table `keyword_associations`
--

LOCK TABLES `keyword_associations` WRITE;
/*!40000 ALTER TABLE `keyword_associations` DISABLE KEYS */;
/*!40000 ALTER TABLE `keyword_associations` ENABLE KEYS */;
UNLOCK TABLES;

--
-- Table structure for table `keywords`
--

DROP TABLE IF EXISTS `keywords`;
/*!40101 SET @saved_cs_client     = @@character_set_client */;
/*!40101 SET character_set_client = utf8 */;
CREATE TABLE `keywords` (
  `id` bigint(20) NOT NULL AUTO_INCREMENT,
  `created_at` datetime NOT NULL,
  `updated_at` datetime NOT NULL,
  `description` varchar(255) DEFAULT NULL,
  PRIMARY KEY (`id`)
) ENGINE=InnoDB AUTO_INCREMENT=26 DEFAULT CHARSET=latin1;
/*!40101 SET character_set_client = @saved_cs_client */;

--
-- Dumping data for table `keywords`
--

LOCK TABLES `keywords` WRITE;
/*!40000 ALTER TABLE `keywords` DISABLE KEYS */;
INSERT INTO `keywords` VALUES (1,'2018-02-20 20:03:04','2018-02-20 20:03:04','Magnesium'),(2,'2018-02-20 20:03:04','2018-02-20 20:03:04','Cobalt'),(3,'2018-02-20 20:03:04','2018-02-20 20:03:04','Selenium'),(4,'2018-02-20 20:03:04','2018-02-20 20:03:04','Lawrencium'),(5,'2018-02-20 20:03:04','2018-02-20 20:03:04','Radon'),(6,'2018-02-20 20:03:04','2018-02-20 20:03:04','Yttrium'),(7,'2018-02-20 20:03:04','2018-02-20 20:03:04','Copper'),(8,'2018-02-20 20:03:04','2018-02-20 20:03:04','Protactinium'),(9,'2018-02-20 20:03:04','2018-02-20 20:03:04','Promethium'),(10,'2018-02-20 20:03:04','2018-02-20 20:03:04','Strontium'),(11,'2018-02-20 20:03:04','2018-02-20 20:03:04','Osmium'),(12,'2018-02-20 20:03:04','2018-02-20 20:03:04','Palladium'),(13,'2018-02-20 20:03:04','2018-02-20 20:03:04','Potassium'),(14,'2018-02-20 20:03:04','2018-02-20 20:03:04','Silver'),(15,'2018-02-20 20:03:04','2018-02-20 20:03:04','Cadmium'),(16,'2018-02-20 20:03:04','2018-02-20 20:03:04','Uranium'),(17,'2018-02-20 20:03:04','2018-02-20 20:03:04','Tennessine'),(18,'2018-02-20 20:03:04','2018-02-20 20:03:04','Helium'),(19,'2018-02-20 20:03:04','2018-02-20 20:03:04','Thallium'),(20,'2018-02-20 20:03:04','2018-02-20 20:03:04','Radium'),(21,'2018-02-20 20:03:04','2018-02-20 20:03:04','Tungsten'),(22,'2018-02-20 20:03:04','2018-02-20 20:03:04','Tellurium'),(23,'2018-02-20 20:03:04','2018-02-20 20:03:04','Samarium'),(24,'2018-02-20 20:03:04','2018-02-20 20:03:04','Curium'),(25,'2018-02-20 20:03:04','2018-02-20 20:03:04','Antimony');
/*!40000 ALTER TABLE `keywords` ENABLE KEYS */;
UNLOCK TABLES;

--
-- Table structure for table `opportunities`
--

DROP TABLE IF EXISTS `opportunities`;
/*!40101 SET @saved_cs_client     = @@character_set_client */;
/*!40101 SET character_set_client = utf8 */;
CREATE TABLE `opportunities` (
  `id` bigint(20) NOT NULL AUTO_INCREMENT,
  `short_description` varchar(255) DEFAULT NULL,
  `long_desription` text,
  `location_description` text,
  `time_description` text,
  `event_start_time` datetime DEFAULT NULL,
  `volunteer_needed_count` int(11) DEFAULT NULL,
  `can_signup_online` tinyint(1) DEFAULT NULL,
  `agency_id` int(11) DEFAULT NULL,
  `created_at` datetime NOT NULL,
  `updated_at` datetime NOT NULL,
  PRIMARY KEY (`id`)
) ENGINE=InnoDB AUTO_INCREMENT=31 DEFAULT CHARSET=latin1;
/*!40101 SET character_set_client = @saved_cs_client */;

--
-- Dumping data for table `opportunities`
--

LOCK TABLES `opportunities` WRITE;
/*!40000 ALTER TABLE `opportunities` DISABLE KEYS */;
INSERT INTO `opportunities` VALUES (1,'Quia error omnis voluptas et expedita quasi adipisci.','Odio sint velit deleniti qui eius cumque veniam. Natus animi veritatis. Similique vel ad. Cumque illo suscipit voluptatem architecto. Aspernatur maiores sint qui.','Et et laudantium minus aut eligendi totam in.','Ex optio cupiditate sint commodi ratione ipsam quidem debitis.','2018-03-31 13:56:57',6,1,11,'2018-02-20 20:02:27','2018-02-20 20:02:27'),(2,'Est ullam reprehenderit quas explicabo.','Nemo quia architecto. Labore corrupti nihil. Excepturi in autem sed minus molestiae quidem veniam. Optio quod dolorum sed.','Quo sed voluptatem est provident asperiores consequatur eveniet.','Deleniti aut sit quo sit commodi quaerat et.','2018-03-12 12:01:51',15,0,7,'2018-02-20 20:02:27','2018-02-20 20:02:27'),(3,'Corrupti quam omnis porro.','Explicabo eum consequatur qui esse possimus. Libero veniam commodi cupiditate rerum dolorem. Totam error voluptatem.','Omnis veritatis et dolores numquam et.','Itaque enim autem suscipit repellat in nisi dolor et.','2018-03-25 16:03:05',12,1,5,'2018-02-20 20:02:27','2018-02-20 20:02:27'),(4,'Earum reprehenderit aut ex.','Dolorum quidem fugiat eum vel ipsum. Cum eius sunt voluptas necessitatibus excepturi velit tempora. Sequi nisi voluptatibus et. Explicabo occaecati ut. Ab consectetur culpa.','Voluptas natus dignissimos dolorem accusantium aspernatur et.','Fugiat deleniti maxime voluptas cum quidem laborum.','2018-04-05 16:36:43',15,0,29,'2018-02-20 20:02:27','2018-02-20 20:02:27'),(5,'Eum error et aspernatur animi expedita.','Itaque sequi dolorum voluptatem optio fugiat expedita. Sit animi saepe consequatur iure. Nobis placeat minima sunt. Optio et impedit quasi.','Similique id et laboriosam cum.','Hic debitis praesentium laudantium dicta magnam consectetur.','2018-03-16 16:37:13',3,1,1,'2018-02-20 20:02:27','2018-02-20 20:02:27'),(6,'Porro ea ut numquam.','Quia aliquid atque aliquam impedit. Et ipsam culpa debitis. Et et consequatur. Ullam ducimus odio. Commodi qui dolor.','Sed occaecati ea illo et odit.','Consequatur enim velit doloribus iure laboriosam repellat.','2018-03-03 17:16:14',8,1,9,'2018-02-20 20:02:27','2018-02-20 20:02:27'),(7,'Modi nulla assumenda eligendi.','Sed quas eos eum nemo sed et. Magnam voluptas quibusdam eum id. Ex dolor asperiores ut ipsam dolore aperiam perspiciatis.','Voluptates nobis rerum cum dolor earum.','Porro incidunt sequi similique optio.','2018-03-24 12:25:04',14,0,26,'2018-02-20 20:02:27','2018-02-20 20:02:27'),(8,'Voluptas sit dignissimos quia.','Rerum quia ut nisi cum. Aut eum facilis qui hic veritatis porro. Odit mollitia doloribus natus quia harum assumenda a.','Qui repellat voluptatem repudiandae nihil ut ipsa.','Ex voluptate facilis ad.','2018-03-07 16:30:16',5,0,26,'2018-02-20 20:02:27','2018-02-20 20:02:27'),(9,'Sit aliquid dicta beatae repellat sed facilis sapiente.','Totam labore assumenda voluptas reprehenderit consectetur similique a. Nulla corrupti commodi enim dolorum. Et officiis at quia ut et facere reiciendis. Officiis iure expedita esse. Quas quae est sed qui recusandae nulla.','Et nihil pariatur corrupti ea.','Iste expedita laboriosam animi.','2018-03-11 13:06:40',2,1,8,'2018-02-20 20:02:27','2018-02-20 20:02:27'),(10,'Dignissimos veniam fuga nobis doloremque.','Vel natus nisi amet ut. Quo omnis dolor. Ut suscipit possimus asperiores.','Libero dolores sed occaecati voluptatem deleniti tempora nesciunt numquam.','Voluptatem impedit quod fugiat.','2018-03-01 13:17:33',12,0,2,'2018-02-20 20:02:27','2018-02-20 20:02:27'),(11,'Eum fugit perferendis cumque.','Aspernatur qui in fuga odit modi sit iste. Ut sunt quia nihil nemo sit temporibus placeat. Eveniet ea nihil est repellat. Beatae consectetur est aut doloremque eveniet sed. Adipisci temporibus repellendus.','Incidunt consequatur ea temporibus aut culpa.','Tempore similique occaecati nam expedita velit iure nihil omnis.','2018-02-21 13:28:05',6,0,15,'2018-02-20 20:02:27','2018-02-20 20:02:27'),(12,'Non commodi iste eius.','Deleniti asperiores accusantium at vel facere. Sint beatae occaecati aut iusto. Quis rerum quod est voluptate enim dolor doloribus. Alias error pariatur. Consectetur ea ipsam sunt dicta maiores sint.','Quia perferendis molestias suscipit non laboriosam ut.','Sit dolorem et non.','2018-03-16 16:32:55',11,1,22,'2018-02-20 20:02:27','2018-02-20 20:02:27'),(13,'Voluptas modi et soluta et.','Cumque voluptatem error. Corporis et tempore reprehenderit libero. Quidem enim laboriosam tempora illo deserunt ut ad. Et dolor et in cumque praesentium eum. Adipisci cumque minima.','Aut dolorem enim consequatur.','Magnam corrupti ducimus id ex suscipit.','2018-02-25 12:30:12',3,1,11,'2018-02-20 20:02:27','2018-02-20 20:02:27'),(14,'Enim sapiente nam et molestias et.','Ipsum qui accusantium voluptatem quos. Quasi similique aut quis libero. Totam ullam in. Eaque in voluptas. Minima et recusandae maiores.','Quae et illum velit.','Ab architecto explicabo omnis dolores reprehenderit.','2018-03-23 11:43:45',12,0,19,'2018-02-20 20:02:27','2018-02-20 20:02:27'),(15,'Consequatur dolores aut inventore quis.','Quo eum excepturi est. Consequatur dolore minima consequatur. Officiis at velit autem. Odit et est id itaque dolores enim.','Asperiores sed totam suscipit illo non.','Occaecati et numquam unde accusamus ullam error.','2018-04-09 11:46:49',16,1,18,'2018-02-20 20:02:27','2018-02-20 20:02:27'),(16,'Non modi vel eum pariatur.','Dolore voluptatum qui et officia. Aut et qui est necessitatibus debitis quo. Qui nulla qui sequi dolore aut.','Dicta nulla dolores molestiae enim possimus eaque.','Excepturi quis nisi tenetur laudantium iure cupiditate.','2018-02-22 15:11:35',14,0,23,'2018-02-20 20:02:27','2018-02-20 20:02:27'),(17,'Ducimus cupiditate voluptatem laborum.','Quibusdam vel repudiandae quidem. Fugit voluptas quia laborum omnis vel. Sed deleniti quia atque.','Distinctio qui labore sint quo sunt numquam ut.','Esse qui non sit distinctio ipsam.','2018-03-18 14:28:38',7,1,10,'2018-02-20 20:02:27','2018-02-20 20:02:27'),(18,'Ut aliquam mollitia impedit distinctio magnam quis.','Numquam et cum nesciunt labore nobis voluptate dolorem. Commodi laudantium minima exercitationem. Voluptas blanditiis quae dolore ullam. Tempore sit et est maiores adipisci et. Deserunt consequatur quibusdam quos voluptas necessitatibus eos.','Quia vitae incidunt odit amet assumenda.','Saepe quis maiores amet qui vitae quam quod asperiores.','2018-03-28 13:25:56',8,0,26,'2018-02-20 20:02:27','2018-02-20 20:02:27'),(19,'Et expedita non id provident earum fugiat vel.','Ipsum veritatis odit. Ut quaerat ut excepturi rem nam dolores qui. Dolores facilis neque nisi.','Nostrum deserunt qui qui.','Sed sequi sint unde ratione iure et inventore.','2018-03-10 16:46:47',7,0,30,'2018-02-20 20:02:27','2018-02-20 20:02:27'),(20,'Velit beatae eos enim culpa.','Nemo maxime non rerum debitis. Praesentium occaecati incidunt. Voluptas consequatur quis est praesentium quia. Vero molestiae est. Nobis possimus a amet voluptatem.','Quibusdam aut et suscipit quia corrupti.','Nesciunt id veniam sequi ducimus et qui voluptatibus quis.','2018-03-21 12:44:55',1,0,18,'2018-02-20 20:02:27','2018-02-20 20:02:27'),(21,'Voluptas et reprehenderit ullam.','Doloremque deleniti consequuntur et sed quaerat. Pariatur est cumque. Saepe odit aut non rerum qui voluptatem eos. Occaecati quia sed cum. Nulla dignissimos fugit sequi.','Aliquam nihil excepturi esse.','Ratione culpa vero ut ut voluptatem sequi.','2018-03-19 13:53:13',13,0,24,'2018-02-20 20:02:27','2018-02-20 20:02:27'),(22,'Officiis magnam et voluptas.','Libero repudiandae molestiae eos ea aut et. Delectus possimus et accusantium mollitia autem alias ut. Soluta itaque nostrum non deleniti in dolor ad. Maiores facilis exercitationem. Similique temporibus reprehenderit magnam adipisci distinctio.','Quibusdam sed nihil voluptas deleniti.','Consequatur placeat nulla enim a vero et vitae.','2018-03-25 13:51:47',3,1,13,'2018-02-20 20:02:27','2018-02-20 20:02:27'),(23,'Qui animi labore cum facilis et recusandae soluta maxime.','Sunt quas dolore reprehenderit sed aut fugit. Sed quam perspiciatis. At reiciendis sequi quam eum. Aut quia dignissimos iure similique qui est perferendis. Aspernatur debitis esse facilis officiis.','Id distinctio quaerat nesciunt odit ad quasi.','Doloribus qui et voluptatem autem provident sequi.','2018-03-07 15:56:32',8,0,8,'2018-02-20 20:02:27','2018-02-20 20:02:27'),(24,'Impedit ut saepe enim voluptatem natus quaerat assumenda.','Harum suscipit porro nam. Quia velit voluptate. Ut earum velit et eius numquam itaque qui.','Quia minima commodi optio quisquam.','Rerum sint alias corporis et nisi.','2018-03-04 13:48:18',13,0,23,'2018-02-20 20:02:27','2018-02-20 20:02:27'),(25,'Doloribus inventore ipsam qui.','Veritatis expedita sit in possimus magnam consequatur. Asperiores labore nesciunt voluptatem et aut neque. Non voluptate qui. Doloremque asperiores aut alias quaerat omnis. Aspernatur repellendus totam et ab mollitia quod rerum.','Et sint vero voluptatem qui.','Officiis qui iure suscipit.','2018-04-01 15:46:58',8,1,8,'2018-02-20 20:02:27','2018-02-20 20:02:27'),(26,'In ut quod tenetur facilis explicabo sit qui.','Itaque numquam ut sunt corrupti at quisquam. Quis qui repudiandae culpa consequatur nihil. Sunt nobis magnam id voluptatem. Distinctio minima consequatur ab ut harum.','Numquam odio ut et labore est enim et.','Quidem aut placeat architecto ut ut reprehenderit impedit.','2018-04-05 12:37:42',5,1,29,'2018-02-20 20:02:27','2018-02-20 20:02:27'),(27,'Eligendi voluptates autem sint nihil est assumenda sequi.','Nihil ad incidunt ex quibusdam ut quia nostrum. Voluptates porro veritatis dignissimos qui dolorem quasi. Animi blanditiis nisi itaque suscipit et. Ut qui ipsum quia.','Sit distinctio delectus maiores voluptas quidem.','Qui excepturi culpa perferendis voluptas at ratione nemo.','2018-03-07 16:42:16',8,0,13,'2018-02-20 20:02:27','2018-02-20 20:02:27'),(28,'Atque consequatur molestiae fuga commodi.','Sint molestiae quaerat in eos. Cumque sequi enim odio culpa assumenda consequatur. Culpa distinctio maiores optio qui fugit provident qui. Suscipit ipsum aut fugit in iusto beatae autem.','Aut illum in aut laudantium pariatur laborum totam assumenda.','Adipisci cupiditate quod delectus quas.','2018-03-15 16:36:27',16,1,11,'2018-02-20 20:02:27','2018-02-20 20:02:27'),(29,'Cupiditate iste ut unde.','Sit esse non dolorem similique. Et impedit et veniam ut illum. Recusandae aut vero doloribus dolorem sit similique architecto.','Rerum quasi qui culpa.','Consequatur qui nobis enim ipsum temporibus est.','2018-04-05 15:22:27',13,0,24,'2018-02-20 20:02:27','2018-02-20 20:02:27'),(30,'In id odit blanditiis.','Architecto ipsam omnis et nihil. Qui repellendus necessitatibus voluptatem atque numquam. Aspernatur expedita optio.','Sed repudiandae ut sunt rem.','Molestiae mollitia id est.','2018-03-15 14:44:59',13,0,8,'2018-02-20 20:02:27','2018-02-20 20:02:27');
/*!40000 ALTER TABLE `opportunities` ENABLE KEYS */;
UNLOCK TABLES;

--
-- Table structure for table `schema_migrations`
--

DROP TABLE IF EXISTS `schema_migrations`;
/*!40101 SET @saved_cs_client     = @@character_set_client */;
/*!40101 SET character_set_client = utf8 */;
CREATE TABLE `schema_migrations` (
  `version` varchar(255) NOT NULL,
  PRIMARY KEY (`version`)
) ENGINE=InnoDB DEFAULT CHARSET=latin1;
/*!40101 SET character_set_client = @saved_cs_client */;

--
-- Dumping data for table `schema_migrations`
--

LOCK TABLES `schema_migrations` WRITE;
/*!40000 ALTER TABLE `schema_migrations` DISABLE KEYS */;
INSERT INTO `schema_migrations` VALUES ('20180220030558'),('20180220030619'),('20180220030620'),('20180220030621'),('20180220030622'),('20180220030623'),('20180220172447'),('20180220194926'),('20180220195317');
/*!40000 ALTER TABLE `schema_migrations` ENABLE KEYS */;
UNLOCK TABLES;

--
-- Table structure for table `volunteer_listings`
--

DROP TABLE IF EXISTS `volunteer_listings`;
/*!40101 SET @saved_cs_client     = @@character_set_client */;
/*!40101 SET character_set_client = utf8 */;
CREATE TABLE `volunteer_listings` (
  `id` bigint(20) NOT NULL AUTO_INCREMENT,
  `availability` text,
  `short_description` text,
  `long_desription` text,
  `created_at` datetime NOT NULL,
  `updated_at` datetime NOT NULL,
  PRIMARY KEY (`id`)
) ENGINE=InnoDB AUTO_INCREMENT=21 DEFAULT CHARSET=latin1;
/*!40101 SET character_set_client = @saved_cs_client */;

--
-- Dumping data for table `volunteer_listings`
--

LOCK TABLES `volunteer_listings` WRITE;
/*!40000 ALTER TABLE `volunteer_listings` DISABLE KEYS */;
INSERT INTO `volunteer_listings` VALUES (1,'Omnis optio ut dolorem officia deserunt veniam porro.','Qui maxime cum reiciendis in et qui quia sed.','Suscipit odit excepturi provident. Nobis enim earum nostrum libero nihil numquam. Atque quidem itaque. Adipisci ex asperiores doloribus. Voluptatem nemo ut nihil fuga molestiae.','2018-02-20 20:02:54','2018-02-20 20:02:54'),(2,'Ducimus optio odio atque impedit ut velit id quam.','Voluptatum voluptatem qui vel alias repudiandae natus ipsum.','Non facere qui. Ut unde accusantium eum reprehenderit excepturi nulla a. Consequatur ea ut minus id. Rerum quae accusantium omnis deserunt non. Quo earum repudiandae aperiam.','2018-02-20 20:02:54','2018-02-20 20:02:54'),(3,'Sunt voluptatem temporibus omnis ratione voluptates consequatur quas quaerat.','Sunt ipsum et omnis dolor velit cupiditate quia.','Quam numquam delectus maxime. Veritatis voluptas sed consequatur possimus sed aut. Consequuntur maiores et officiis id quaerat. Error quisquam sequi sit voluptatum ut quasi perferendis. Neque sed non ad eum.','2018-02-20 20:02:54','2018-02-20 20:02:54'),(4,'Dolorem atque reprehenderit ut.','Dolores consequatur quibusdam et.','Nemo ut consequatur omnis qui minima ut qui. Exercitationem veritatis dolores iusto error. Molestiae qui animi sit velit numquam rerum illum. Asperiores ipsum optio pariatur.','2018-02-20 20:02:54','2018-02-20 20:02:54'),(5,'Reiciendis ipsa deserunt aperiam quia nisi magni vero rem.','Ex harum et recusandae aliquam quia consequatur neque sint.','Inventore placeat voluptas qui blanditiis autem. Vero debitis sed. Qui nisi iste doloribus rerum quasi. Tempore a perspiciatis ea.','2018-02-20 20:02:54','2018-02-20 20:02:54'),(6,'Distinctio ducimus odio adipisci amet.','Laborum necessitatibus nam beatae.','Nemo ea sed perspiciatis. Aut quia molestias dolorem eum magnam sed. Aut qui vel ea dicta et vel doloremque. Cum expedita similique aut nam necessitatibus et.','2018-02-20 20:02:54','2018-02-20 20:02:54'),(7,'Voluptates et maiores est ut animi ipsa commodi.','Et minus laborum voluptas nulla possimus at magnam.','Non in odio omnis. Qui dolores in blanditiis hic. Sit asperiores dolores. Explicabo et deserunt atque.','2018-02-20 20:02:55','2018-02-20 20:02:55'),(8,'Sunt rerum soluta et odit corporis.','Occaecati rem asperiores quia dolorum dicta iste.','Esse quisquam perspiciatis modi odio qui consequatur eveniet. Eum est qui temporibus. Et nihil debitis dicta et. Delectus nulla modi est praesentium. Quas vel pariatur est modi voluptate aut.','2018-02-20 20:02:55','2018-02-20 20:02:55'),(9,'Eius id velit occaecati.','Velit est modi autem quam ipsum a repudiandae.','Amet libero a qui nobis. Est natus libero. Qui qui sit similique nisi tenetur.','2018-02-20 20:02:55','2018-02-20 20:02:55'),(10,'Aut quo explicabo voluptas illo.','At amet magnam minima aut delectus.','Quia nemo qui earum optio ut eum suscipit. Molestiae pariatur quis rerum atque saepe. Delectus non sit dicta quia. Non hic ut fuga. Voluptatem consequatur aut sit consectetur repellat.','2018-02-20 20:02:55','2018-02-20 20:02:55'),(11,'Porro soluta est ipsum cupiditate nihil rerum.','Doloremque velit voluptatem nesciunt debitis qui eos.','Voluptas repellendus quaerat maiores vero ut quos. Dignissimos eos maxime placeat est autem autem praesentium. Est temporibus incidunt ut laboriosam quos quo consectetur. Consequatur earum ut possimus accusantium repellat. Magnam blanditiis non sit qui deserunt dolores.','2018-02-20 20:02:55','2018-02-20 20:02:55'),(12,'Quis itaque voluptas assumenda.','Sit praesentium dolorem est libero.','Perspiciatis nostrum error laborum magnam. Sint fugit nemo reiciendis dolorum ullam. Voluptas aut vel qui accusantium necessitatibus voluptatem. Quidem ducimus et molestiae numquam. Eius mollitia quia.','2018-02-20 20:02:55','2018-02-20 20:02:55'),(13,'Officia et dolor similique veritatis assumenda repellat cum.','Sed voluptas facere aspernatur rem ea.','Adipisci quia corporis velit. Eaque est fugiat quaerat. Non vel neque esse nihil illo quo in. Ut excepturi eligendi.','2018-02-20 20:02:55','2018-02-20 20:02:55'),(14,'Voluptate fugiat facilis autem neque earum minima at.','Nostrum est architecto deserunt tempore earum quam molestias dolorum.','Eos dolor est porro qui. Quia sit minus provident. Cum animi eius sit ut. Distinctio asperiores et.','2018-02-20 20:02:55','2018-02-20 20:02:55'),(15,'Itaque ducimus quibusdam voluptatem.','Quo eaque tempore aut quis velit veniam harum et.','Et hic debitis dolorem nostrum consequatur sit. Dicta consequuntur natus repudiandae quibusdam. Culpa et est recusandae laboriosam.','2018-02-20 20:02:55','2018-02-20 20:02:55'),(16,'Saepe nesciunt officiis delectus rerum necessitatibus.','Pariatur laborum dicta vitae sed.','Debitis saepe non et odio. Doloribus veniam occaecati. Libero quod voluptatem at repellat ex. Velit consequatur omnis quisquam rerum.','2018-02-20 20:02:55','2018-02-20 20:02:55'),(17,'Nisi ullam eos modi non quo.','Fuga dolore necessitatibus cupiditate.','Occaecati aperiam nulla excepturi neque voluptatum aut earum. Temporibus voluptatum nostrum facilis aperiam. Quia sit provident et tempora aspernatur deleniti. Dolor earum consequatur est asperiores officiis nihil.','2018-02-20 20:02:55','2018-02-20 20:02:55'),(18,'Quibusdam necessitatibus molestias consequuntur est.','Distinctio libero ut id sed temporibus atque dolores.','Sequi totam officia fuga dicta vero ratione quos. Voluptatem deserunt qui consequuntur quia odio. Debitis impedit sunt vel unde atque necessitatibus adipisci. Consequatur at repudiandae neque cupiditate aut.','2018-02-20 20:02:55','2018-02-20 20:02:55'),(19,'Est facere fugiat voluptas omnis possimus.','Itaque facilis sapiente omnis aut consequuntur minus.','Reiciendis est ut voluptatum quia nobis voluptatem. Earum inventore quos. Harum est consequuntur sed libero enim debitis saepe. Quod ipsum dolore provident repudiandae. Qui eaque unde nemo.','2018-02-20 20:02:55','2018-02-20 20:02:55'),(20,'Autem accusamus sit assumenda sit eos molestiae dolor.','Minus aut repudiandae exercitationem qui autem.','Omnis a sunt explicabo vitae veritatis. Debitis nostrum adipisci. Dignissimos laudantium quidem voluptates quis ut perspiciatis qui. Provident temporibus quia impedit. Aut repellendus dolorem autem accusantium vel non.','2018-02-20 20:02:55','2018-02-20 20:02:55');
/*!40000 ALTER TABLE `volunteer_listings` ENABLE KEYS */;
UNLOCK TABLES;

--
-- Table structure for table `volunteer_opportunity_associations`
--

DROP TABLE IF EXISTS `volunteer_opportunity_associations`;
/*!40101 SET @saved_cs_client     = @@character_set_client */;
/*!40101 SET character_set_client = utf8 */;
CREATE TABLE `volunteer_opportunity_associations` (
  `id` bigint(20) NOT NULL AUTO_INCREMENT,
  `opportunity_id` int(11) DEFAULT NULL,
  `volunteer_id` int(11) DEFAULT NULL,
  `date` datetime DEFAULT NULL,
  `created_at` datetime NOT NULL,
  `updated_at` datetime NOT NULL,
  PRIMARY KEY (`id`)
) ENGINE=InnoDB AUTO_INCREMENT=151 DEFAULT CHARSET=latin1;
/*!40101 SET character_set_client = @saved_cs_client */;

--
-- Dumping data for table `volunteer_opportunity_associations`
--

LOCK TABLES `volunteer_opportunity_associations` WRITE;
/*!40000 ALTER TABLE `volunteer_opportunity_associations` DISABLE KEYS */;
INSERT INTO `volunteer_opportunity_associations` VALUES (1,1,1,'2018-03-18 16:05:50','2018-02-20 20:02:46','2018-02-20 20:02:46'),(2,1,57,'2018-04-01 14:31:14','2018-02-20 20:02:46','2018-02-20 20:02:46'),(3,1,3,'2018-03-12 14:27:27','2018-02-20 20:02:46','2018-02-20 20:02:46'),(4,1,6,'2018-04-03 12:28:55','2018-02-20 20:02:46','2018-02-20 20:02:46'),(5,1,100,'2018-03-28 11:06:52','2018-02-20 20:02:46','2018-02-20 20:02:46'),(6,2,80,'2018-03-30 14:51:08','2018-02-20 20:02:46','2018-02-20 20:02:46'),(7,2,47,'2018-03-06 12:51:19','2018-02-20 20:02:46','2018-02-20 20:02:46'),(8,2,18,'2018-02-25 15:01:23','2018-02-20 20:02:46','2018-02-20 20:02:46'),(9,2,77,'2018-03-26 13:23:32','2018-02-20 20:02:46','2018-02-20 20:02:46'),(10,2,91,'2018-03-12 12:32:27','2018-02-20 20:02:46','2018-02-20 20:02:46'),(11,3,72,'2018-04-11 16:40:32','2018-02-20 20:02:46','2018-02-20 20:02:46'),(12,3,19,'2018-03-11 12:03:46','2018-02-20 20:02:46','2018-02-20 20:02:46'),(13,3,17,'2018-03-07 13:39:30','2018-02-20 20:02:46','2018-02-20 20:02:46'),(14,3,63,'2018-03-18 15:39:46','2018-02-20 20:02:46','2018-02-20 20:02:46'),(15,3,93,'2018-03-02 12:29:42','2018-02-20 20:02:46','2018-02-20 20:02:46'),(16,4,38,'2018-03-26 12:29:38','2018-02-20 20:02:46','2018-02-20 20:02:46'),(17,4,10,'2018-03-13 15:56:20','2018-02-20 20:02:46','2018-02-20 20:02:46'),(18,4,85,'2018-03-15 16:03:05','2018-02-20 20:02:46','2018-02-20 20:02:46'),(19,4,32,'2018-04-07 15:28:42','2018-02-20 20:02:46','2018-02-20 20:02:46'),(20,4,83,'2018-03-15 12:53:09','2018-02-20 20:02:46','2018-02-20 20:02:46'),(21,5,62,'2018-04-06 11:54:56','2018-02-20 20:02:46','2018-02-20 20:02:46'),(22,5,72,'2018-03-28 12:09:46','2018-02-20 20:02:46','2018-02-20 20:02:46'),(23,5,11,'2018-03-26 12:15:25','2018-02-20 20:02:46','2018-02-20 20:02:46'),(24,5,46,'2018-02-25 12:12:49','2018-02-20 20:02:46','2018-02-20 20:02:46'),(25,5,54,'2018-03-21 14:35:06','2018-02-20 20:02:46','2018-02-20 20:02:46'),(26,6,22,'2018-03-10 15:05:11','2018-02-20 20:02:46','2018-02-20 20:02:46'),(27,6,74,'2018-04-09 12:57:31','2018-02-20 20:02:46','2018-02-20 20:02:46'),(28,6,9,'2018-03-07 16:06:51','2018-02-20 20:02:46','2018-02-20 20:02:46'),(29,6,38,'2018-03-19 14:29:26','2018-02-20 20:02:46','2018-02-20 20:02:46'),(30,6,97,'2018-02-24 15:14:50','2018-02-20 20:02:46','2018-02-20 20:02:46'),(31,7,18,'2018-03-06 16:07:28','2018-02-20 20:02:46','2018-02-20 20:02:46'),(32,7,66,'2018-02-25 17:15:47','2018-02-20 20:02:46','2018-02-20 20:02:46'),(33,7,41,'2018-02-27 16:57:03','2018-02-20 20:02:46','2018-02-20 20:02:46'),(34,7,2,'2018-03-05 17:04:31','2018-02-20 20:02:46','2018-02-20 20:02:46'),(35,7,60,'2018-04-11 15:14:20','2018-02-20 20:02:46','2018-02-20 20:02:46'),(36,8,65,'2018-03-14 15:23:12','2018-02-20 20:02:46','2018-02-20 20:02:46'),(37,8,44,'2018-03-25 11:46:00','2018-02-20 20:02:46','2018-02-20 20:02:46'),(38,8,95,'2018-04-05 16:05:00','2018-02-20 20:02:46','2018-02-20 20:02:46'),(39,8,5,'2018-04-09 14:31:06','2018-02-20 20:02:46','2018-02-20 20:02:46'),(40,8,86,'2018-03-29 16:42:16','2018-02-20 20:02:46','2018-02-20 20:02:46'),(41,9,10,'2018-02-28 17:37:29','2018-02-20 20:02:46','2018-02-20 20:02:46'),(42,9,17,'2018-04-10 15:23:15','2018-02-20 20:02:46','2018-02-20 20:02:46'),(43,9,62,'2018-03-22 14:18:00','2018-02-20 20:02:46','2018-02-20 20:02:46'),(44,9,99,'2018-03-31 16:07:37','2018-02-20 20:02:46','2018-02-20 20:02:46'),(45,9,55,'2018-03-30 15:46:51','2018-02-20 20:02:46','2018-02-20 20:02:46'),(46,10,80,'2018-02-22 13:34:14','2018-02-20 20:02:46','2018-02-20 20:02:46'),(47,10,6,'2018-03-12 13:04:10','2018-02-20 20:02:46','2018-02-20 20:02:46'),(48,10,79,'2018-03-22 13:22:23','2018-02-20 20:02:46','2018-02-20 20:02:46'),(49,10,16,'2018-02-27 12:15:33','2018-02-20 20:02:46','2018-02-20 20:02:46'),(50,10,27,'2018-04-08 12:36:13','2018-02-20 20:02:46','2018-02-20 20:02:46'),(51,11,55,'2018-03-28 11:26:36','2018-02-20 20:02:46','2018-02-20 20:02:46'),(52,11,7,'2018-03-14 16:57:24','2018-02-20 20:02:46','2018-02-20 20:02:46'),(53,11,24,'2018-03-23 13:21:29','2018-02-20 20:02:46','2018-02-20 20:02:46'),(54,11,51,'2018-04-06 16:03:47','2018-02-20 20:02:46','2018-02-20 20:02:46'),(55,11,38,'2018-03-16 15:37:47','2018-02-20 20:02:46','2018-02-20 20:02:46'),(56,12,34,'2018-03-13 15:24:20','2018-02-20 20:02:46','2018-02-20 20:02:46'),(57,12,86,'2018-03-16 13:22:19','2018-02-20 20:02:46','2018-02-20 20:02:46'),(58,12,91,'2018-03-21 16:56:22','2018-02-20 20:02:46','2018-02-20 20:02:46'),(59,12,5,'2018-03-16 14:08:28','2018-02-20 20:02:46','2018-02-20 20:02:46'),(60,12,27,'2018-02-28 15:23:52','2018-02-20 20:02:46','2018-02-20 20:02:46'),(61,13,26,'2018-03-16 15:19:33','2018-02-20 20:02:46','2018-02-20 20:02:46'),(62,13,65,'2018-03-07 16:21:58','2018-02-20 20:02:46','2018-02-20 20:02:46'),(63,13,46,'2018-03-05 12:27:15','2018-02-20 20:02:46','2018-02-20 20:02:46'),(64,13,68,'2018-03-03 14:06:03','2018-02-20 20:02:46','2018-02-20 20:02:46'),(65,13,2,'2018-03-05 17:59:26','2018-02-20 20:02:46','2018-02-20 20:02:46'),(66,14,4,'2018-03-05 13:01:14','2018-02-20 20:02:46','2018-02-20 20:02:46'),(67,14,68,'2018-03-28 11:15:50','2018-02-20 20:02:46','2018-02-20 20:02:46'),(68,14,40,'2018-03-31 13:10:52','2018-02-20 20:02:46','2018-02-20 20:02:46'),(69,14,43,'2018-03-07 17:59:06','2018-02-20 20:02:46','2018-02-20 20:02:46'),(70,14,89,'2018-03-18 16:17:37','2018-02-20 20:02:46','2018-02-20 20:02:46'),(71,15,53,'2018-03-29 11:00:45','2018-02-20 20:02:46','2018-02-20 20:02:46'),(72,15,23,'2018-03-20 13:39:10','2018-02-20 20:02:46','2018-02-20 20:02:46'),(73,15,63,'2018-03-05 12:07:15','2018-02-20 20:02:46','2018-02-20 20:02:46'),(74,15,65,'2018-03-10 14:46:40','2018-02-20 20:02:46','2018-02-20 20:02:46'),(75,15,36,'2018-02-21 12:21:44','2018-02-20 20:02:46','2018-02-20 20:02:46'),(76,16,76,'2018-03-21 14:18:48','2018-02-20 20:02:46','2018-02-20 20:02:46'),(77,16,73,'2018-03-22 15:52:52','2018-02-20 20:02:46','2018-02-20 20:02:46'),(78,16,51,'2018-02-28 15:47:29','2018-02-20 20:02:46','2018-02-20 20:02:46'),(79,16,37,'2018-02-27 15:35:33','2018-02-20 20:02:46','2018-02-20 20:02:46'),(80,16,66,'2018-03-13 16:32:09','2018-02-20 20:02:46','2018-02-20 20:02:46'),(81,17,61,'2018-04-08 15:19:44','2018-02-20 20:02:46','2018-02-20 20:02:46'),(82,17,80,'2018-03-01 17:41:05','2018-02-20 20:02:46','2018-02-20 20:02:46'),(83,17,61,'2018-03-06 17:39:03','2018-02-20 20:02:46','2018-02-20 20:02:46'),(84,17,12,'2018-03-22 12:17:40','2018-02-20 20:02:46','2018-02-20 20:02:46'),(85,17,79,'2018-03-07 17:40:17','2018-02-20 20:02:46','2018-02-20 20:02:46'),(86,18,61,'2018-02-23 16:54:16','2018-02-20 20:02:46','2018-02-20 20:02:46'),(87,18,29,'2018-03-29 12:15:45','2018-02-20 20:02:46','2018-02-20 20:02:46'),(88,18,80,'2018-03-17 14:34:44','2018-02-20 20:02:46','2018-02-20 20:02:46'),(89,18,19,'2018-03-21 16:41:43','2018-02-20 20:02:46','2018-02-20 20:02:46'),(90,18,27,'2018-02-24 14:13:50','2018-02-20 20:02:46','2018-02-20 20:02:46'),(91,19,8,'2018-03-27 11:41:29','2018-02-20 20:02:46','2018-02-20 20:02:46'),(92,19,4,'2018-04-07 15:26:52','2018-02-20 20:02:46','2018-02-20 20:02:46'),(93,19,15,'2018-04-05 12:59:02','2018-02-20 20:02:46','2018-02-20 20:02:46'),(94,19,80,'2018-03-11 12:16:21','2018-02-20 20:02:46','2018-02-20 20:02:46'),(95,19,74,'2018-03-19 11:27:09','2018-02-20 20:02:46','2018-02-20 20:02:46'),(96,20,41,'2018-03-08 13:33:22','2018-02-20 20:02:46','2018-02-20 20:02:46'),(97,20,72,'2018-02-27 17:25:36','2018-02-20 20:02:46','2018-02-20 20:02:46'),(98,20,82,'2018-03-06 14:13:02','2018-02-20 20:02:46','2018-02-20 20:02:46'),(99,20,13,'2018-04-02 16:55:26','2018-02-20 20:02:46','2018-02-20 20:02:46'),(100,20,69,'2018-03-26 16:45:38','2018-02-20 20:02:46','2018-02-20 20:02:46'),(101,21,59,'2018-03-01 17:47:34','2018-02-20 20:02:46','2018-02-20 20:02:46'),(102,21,100,'2018-02-28 16:08:46','2018-02-20 20:02:46','2018-02-20 20:02:46'),(103,21,49,'2018-03-25 12:16:38','2018-02-20 20:02:46','2018-02-20 20:02:46'),(104,21,83,'2018-03-09 16:00:55','2018-02-20 20:02:46','2018-02-20 20:02:46'),(105,21,15,'2018-03-06 15:57:03','2018-02-20 20:02:46','2018-02-20 20:02:46'),(106,22,67,'2018-02-27 14:01:27','2018-02-20 20:02:46','2018-02-20 20:02:46'),(107,22,43,'2018-04-04 12:39:39','2018-02-20 20:02:46','2018-02-20 20:02:46'),(108,22,59,'2018-04-09 14:43:53','2018-02-20 20:02:46','2018-02-20 20:02:46'),(109,22,96,'2018-03-18 11:25:56','2018-02-20 20:02:46','2018-02-20 20:02:46'),(110,22,56,'2018-04-05 11:15:21','2018-02-20 20:02:46','2018-02-20 20:02:46'),(111,23,99,'2018-03-04 15:23:52','2018-02-20 20:02:46','2018-02-20 20:02:46'),(112,23,85,'2018-03-26 16:52:39','2018-02-20 20:02:46','2018-02-20 20:02:46'),(113,23,36,'2018-03-05 17:17:17','2018-02-20 20:02:46','2018-02-20 20:02:46'),(114,23,96,'2018-04-04 11:21:15','2018-02-20 20:02:46','2018-02-20 20:02:46'),(115,23,4,'2018-03-01 17:53:31','2018-02-20 20:02:46','2018-02-20 20:02:46'),(116,24,62,'2018-02-21 15:53:15','2018-02-20 20:02:46','2018-02-20 20:02:46'),(117,24,97,'2018-02-23 12:24:25','2018-02-20 20:02:46','2018-02-20 20:02:46'),(118,24,28,'2018-02-24 17:46:22','2018-02-20 20:02:46','2018-02-20 20:02:46'),(119,24,28,'2018-03-21 15:45:35','2018-02-20 20:02:46','2018-02-20 20:02:46'),(120,24,99,'2018-03-08 16:38:15','2018-02-20 20:02:46','2018-02-20 20:02:46'),(121,25,6,'2018-04-02 15:34:28','2018-02-20 20:02:46','2018-02-20 20:02:46'),(122,25,33,'2018-03-01 14:38:58','2018-02-20 20:02:46','2018-02-20 20:02:46'),(123,25,35,'2018-03-27 14:47:16','2018-02-20 20:02:46','2018-02-20 20:02:46'),(124,25,11,'2018-02-24 14:37:42','2018-02-20 20:02:46','2018-02-20 20:02:46'),(125,25,24,'2018-03-26 14:19:57','2018-02-20 20:02:46','2018-02-20 20:02:46'),(126,26,50,'2018-03-20 16:45:38','2018-02-20 20:02:46','2018-02-20 20:02:46'),(127,26,73,'2018-03-08 17:16:29','2018-02-20 20:02:46','2018-02-20 20:02:46'),(128,26,16,'2018-03-31 12:40:42','2018-02-20 20:02:46','2018-02-20 20:02:46'),(129,26,22,'2018-04-04 16:26:09','2018-02-20 20:02:46','2018-02-20 20:02:46'),(130,26,66,'2018-04-11 16:06:56','2018-02-20 20:02:46','2018-02-20 20:02:46'),(131,27,85,'2018-03-31 15:33:37','2018-02-20 20:02:46','2018-02-20 20:02:46'),(132,27,16,'2018-04-11 13:34:35','2018-02-20 20:02:46','2018-02-20 20:02:46'),(133,27,53,'2018-03-31 15:19:08','2018-02-20 20:02:46','2018-02-20 20:02:46'),(134,27,35,'2018-03-31 12:58:39','2018-02-20 20:02:46','2018-02-20 20:02:46'),(135,27,51,'2018-03-28 15:07:35','2018-02-20 20:02:46','2018-02-20 20:02:46'),(136,28,10,'2018-02-27 12:53:20','2018-02-20 20:02:46','2018-02-20 20:02:46'),(137,28,87,'2018-03-17 12:08:25','2018-02-20 20:02:46','2018-02-20 20:02:46'),(138,28,59,'2018-04-11 15:56:21','2018-02-20 20:02:46','2018-02-20 20:02:46'),(139,28,34,'2018-02-28 17:53:56','2018-02-20 20:02:46','2018-02-20 20:02:46'),(140,28,50,'2018-03-08 17:07:25','2018-02-20 20:02:46','2018-02-20 20:02:46'),(141,29,25,'2018-03-12 11:46:56','2018-02-20 20:02:46','2018-02-20 20:02:46'),(142,29,36,'2018-02-25 16:51:53','2018-02-20 20:02:46','2018-02-20 20:02:46'),(143,29,100,'2018-02-23 12:33:50','2018-02-20 20:02:46','2018-02-20 20:02:46'),(144,29,15,'2018-03-22 13:07:36','2018-02-20 20:02:46','2018-02-20 20:02:46'),(145,29,18,'2018-04-03 15:20:16','2018-02-20 20:02:46','2018-02-20 20:02:46'),(146,30,38,'2018-03-28 13:44:24','2018-02-20 20:02:46','2018-02-20 20:02:46'),(147,30,87,'2018-03-21 15:54:22','2018-02-20 20:02:46','2018-02-20 20:02:46'),(148,30,7,'2018-03-25 12:31:38','2018-02-20 20:02:46','2018-02-20 20:02:46'),(149,30,17,'2018-03-15 11:22:19','2018-02-20 20:02:46','2018-02-20 20:02:46'),(150,30,5,'2018-04-03 12:51:08','2018-02-20 20:02:46','2018-02-20 20:02:46');
/*!40000 ALTER TABLE `volunteer_opportunity_associations` ENABLE KEYS */;
UNLOCK TABLES;

--
-- Table structure for table `volunteers`
--

DROP TABLE IF EXISTS `volunteers`;
/*!40101 SET @saved_cs_client     = @@character_set_client */;
/*!40101 SET character_set_client = utf8 */;
CREATE TABLE `volunteers` (
  `id` bigint(20) NOT NULL AUTO_INCREMENT,
  `name` varchar(255) DEFAULT NULL,
  `phone_number` varchar(255) DEFAULT NULL,
  `email` varchar(255) DEFAULT NULL,
  `is_group` tinyint(1) DEFAULT NULL,
  `group_count` int(11) DEFAULT NULL,
  `created_at` datetime NOT NULL,
  `updated_at` datetime NOT NULL,
  PRIMARY KEY (`id`)
) ENGINE=InnoDB AUTO_INCREMENT=101 DEFAULT CHARSET=latin1;
/*!40101 SET character_set_client = @saved_cs_client */;

--
-- Dumping data for table `volunteers`
--

LOCK TABLES `volunteers` WRITE;
/*!40000 ALTER TABLE `volunteers` DISABLE KEYS */;
INSERT INTO `volunteers` VALUES (1,'Thea Ondricka','1-660-525-4822','kaden@erdmanprosacco.co',1,9,'2018-02-20 20:02:35','2018-02-20 20:02:35'),(2,'Mr. Emery Collins','1-739-946-5972','vesta@barton.org',0,7,'2018-02-20 20:02:35','2018-02-20 20:02:35'),(3,'Clyde Doyle','1-693-053-8908 x1625','jovan_orn@rath.biz',1,1,'2018-02-20 20:02:35','2018-02-20 20:02:35'),(4,'Julianne Lind','963.272.5473 x876','juvenal_beier@padberg.io',0,6,'2018-02-20 20:02:35','2018-02-20 20:02:35'),(5,'Audra Barrows I','1-819-623-5116','elsie@watersbartell.net',0,4,'2018-02-20 20:02:35','2018-02-20 20:02:35'),(6,'Dudley Conroy','595.623.2963','remington@stokes.biz',0,9,'2018-02-20 20:02:35','2018-02-20 20:02:35'),(7,'Dr. Hassie Abshire','218.056.4721','deanna@swift.co',0,3,'2018-02-20 20:02:35','2018-02-20 20:02:35'),(8,'Mary Carroll','632-291-0148','carli@kuhic.net',1,5,'2018-02-20 20:02:35','2018-02-20 20:02:35'),(9,'Clovis West III','1-216-585-0943','jerrell_jaskolski@schmitthahn.com',1,2,'2018-02-20 20:02:35','2018-02-20 20:02:35'),(10,'Alfonso Kutch I','1-387-030-9884 x535','janelle.marquardt@dubuquestiedemann.com',0,1,'2018-02-20 20:02:35','2018-02-20 20:02:35'),(11,'Cynthia Homenick','135.130.6167 x901','art_pouros@schimmel.io',1,2,'2018-02-20 20:02:35','2018-02-20 20:02:35'),(12,'Mozell Dibbert III','(769) 646-4154','kathleen@zboncak.biz',0,5,'2018-02-20 20:02:35','2018-02-20 20:02:35'),(13,'Jesus Schmitt','(351) 555-0221 x30371','torrey.williamson@feest.co',0,6,'2018-02-20 20:02:35','2018-02-20 20:02:35'),(14,'Christa Spinka','1-770-876-2358','eugene@rippin.name',1,2,'2018-02-20 20:02:35','2018-02-20 20:02:35'),(15,'Derick Mueller','214.499.7636 x5664','eulalia.effertz@auerkuhn.name',1,4,'2018-02-20 20:02:35','2018-02-20 20:02:35'),(16,'Mr. Isom Kuhic','1-229-369-0334 x71917','jermaine.auer@sawayn.com',0,10,'2018-02-20 20:02:35','2018-02-20 20:02:35'),(17,'Ardith Wolf','1-389-360-1195 x25268','casandra@hoppedicki.com',0,8,'2018-02-20 20:02:35','2018-02-20 20:02:35'),(18,'Samson Roob','759.382.1308 x6900','jackson.treutel@bechtelar.net',0,7,'2018-02-20 20:02:35','2018-02-20 20:02:35'),(19,'Jaqueline Schultz','358.671.4202 x639','isabell@lemkemcglynn.biz',1,9,'2018-02-20 20:02:35','2018-02-20 20:02:35'),(20,'Mr. Adrian Halvorson','(696) 662-8710 x626','rowan.romaguera@reinger.info',1,4,'2018-02-20 20:02:35','2018-02-20 20:02:35'),(21,'Abigail Friesen','(173) 475-0844 x238','davion_walker@grantschulist.net',0,3,'2018-02-20 20:02:35','2018-02-20 20:02:35'),(22,'Sammy VonRueden','665.962.8712 x271','celine_blanda@block.com',1,3,'2018-02-20 20:02:35','2018-02-20 20:02:35'),(23,'Ms. Jo Yundt','1-493-611-3660','gene@oharalegros.info',0,8,'2018-02-20 20:02:35','2018-02-20 20:02:35'),(24,'Miss Althea Herman','(385) 595-3773 x67344','greyson@hudson.com',0,2,'2018-02-20 20:02:35','2018-02-20 20:02:35'),(25,'Mrs. Dion Kemmer','800-471-8551','torey.parker@gleichner.info',1,3,'2018-02-20 20:02:35','2018-02-20 20:02:35'),(26,'Hans Green','316.142.9656','june_rogahn@corkery.co',0,9,'2018-02-20 20:02:35','2018-02-20 20:02:35'),(27,'Arvilla Williamson V','(108) 020-4177 x02217','loyce@conroy.name',1,6,'2018-02-20 20:02:35','2018-02-20 20:02:35'),(28,'Antoinette Kerluke','(207) 287-1543 x894','josefina@smithamhowe.org',0,3,'2018-02-20 20:02:35','2018-02-20 20:02:35'),(29,'Dr. Destiney Huel','1-451-678-8414 x692','kenna@rohan.net',0,8,'2018-02-20 20:02:35','2018-02-20 20:02:35'),(30,'Elroy Hamill MD','(912) 104-5749','haie.quitzon@paucek.name',0,9,'2018-02-20 20:02:35','2018-02-20 20:02:35'),(31,'Janiya Marks','395-018-4068 x761','lee@bergnaum.biz',1,1,'2018-02-20 20:02:35','2018-02-20 20:02:35'),(32,'Jovanny Bailey','(788) 685-9495 x118','elenor_blanda@swift.co',0,7,'2018-02-20 20:02:35','2018-02-20 20:02:35'),(33,'Meta Koelpin','510.937.2093','osbaldo@brownherman.com',0,7,'2018-02-20 20:02:35','2018-02-20 20:02:35'),(34,'Deondre Roberts','1-289-181-0072 x3025','judah@beattyrunolfsdottir.name',0,4,'2018-02-20 20:02:35','2018-02-20 20:02:35'),(35,'Jermain Casper','(429) 401-4257','kailee@hahn.io',1,8,'2018-02-20 20:02:35','2018-02-20 20:02:35'),(36,'Mrs. Maida Abshire','295.722.7490 x08498','terry.kerluke@king.io',0,6,'2018-02-20 20:02:35','2018-02-20 20:02:35'),(37,'German Hartmann','130.873.8840 x98549','alberto@batz.net',1,3,'2018-02-20 20:02:35','2018-02-20 20:02:35'),(38,'Rebecca Farrell','1-378-030-8090 x589','ashlee.paucek@lubowitzbaumbach.biz',0,7,'2018-02-20 20:02:35','2018-02-20 20:02:35'),(39,'Mrs. Rene Ortiz','298.012.3141 x349','beulah@rowebraun.co',0,1,'2018-02-20 20:02:35','2018-02-20 20:02:35'),(40,'Mrs. Jermain Jacobson','(857) 211-5510 x6332','marlin_mosciski@aufderhar.biz',1,2,'2018-02-20 20:02:35','2018-02-20 20:02:35'),(41,'Americo Hermiston Sr.','1-176-061-8431 x503','aniyah@gibsonkonopelski.name',1,8,'2018-02-20 20:02:35','2018-02-20 20:02:35'),(42,'Ms. Pearline Satterfield','763.890.2010 x618','adolphus@hansen.biz',1,5,'2018-02-20 20:02:35','2018-02-20 20:02:35'),(43,'Maudie Jones','1-852-061-7583 x5522','elenor.haley@hirthe.co',1,2,'2018-02-20 20:02:35','2018-02-20 20:02:35'),(44,'Hazle McDermott DDS','118.060.4887 x019','taryn.goldner@conn.net',1,10,'2018-02-20 20:02:35','2018-02-20 20:02:35'),(45,'Judah Strosin','(933) 241-2009','jocelyn@baumbach.biz',0,8,'2018-02-20 20:02:35','2018-02-20 20:02:35'),(46,'Mrs. Arlo Dicki','1-995-843-1015','jean@douglas.info',0,4,'2018-02-20 20:02:35','2018-02-20 20:02:35'),(47,'Alejandra O\'Hara','(628) 978-1207 x245','mazie@kovacekoconnell.com',1,8,'2018-02-20 20:02:35','2018-02-20 20:02:35'),(48,'Alexandria Streich','1-505-384-8609 x457','modesto@rau.com',1,5,'2018-02-20 20:02:35','2018-02-20 20:02:35'),(49,'Miss Clay Kuphal','(192) 474-7658 x06294','amaya@runtehirthe.name',0,7,'2018-02-20 20:02:35','2018-02-20 20:02:35'),(50,'Nicolas Mraz','1-301-881-3997 x324','frederick_metz@parker.name',1,7,'2018-02-20 20:02:35','2018-02-20 20:02:35'),(51,'Mrs. Ebony Gutmann','1-800-959-8186 x8392','aunta.kemmer@daugherty.io',1,5,'2018-02-20 20:02:35','2018-02-20 20:02:35'),(52,'Kendrick Lueilwitz','725-651-1232 x68777','maritza_green@kulasabshire.net',1,5,'2018-02-20 20:02:35','2018-02-20 20:02:35'),(53,'Christine Steuber','417.900.9964 x6120','damion.huels@dubuque.com',0,7,'2018-02-20 20:02:35','2018-02-20 20:02:35'),(54,'Zack Heidenreich','575.319.1758 x50650','maybelle.keeling@grimes.biz',1,6,'2018-02-20 20:02:35','2018-02-20 20:02:35'),(55,'Bethany Jaskolski','1-800-552-1159','beth.rowe@deckow.biz',0,6,'2018-02-20 20:02:35','2018-02-20 20:02:35'),(56,'Dewitt Leffler','598-583-7679','barney@mcclure.org',0,4,'2018-02-20 20:02:35','2018-02-20 20:02:35'),(57,'Leon Kessler','114.045.4964 x05136','rowland@larsonward.org',0,6,'2018-02-20 20:02:35','2018-02-20 20:02:35'),(58,'Idella Ankunding','(511) 232-6764 x773','jay@quitzoncollier.co',1,2,'2018-02-20 20:02:35','2018-02-20 20:02:35'),(59,'Dandre Hermiston','1-193-033-6586 x309','lucile@mclaughlin.name',1,4,'2018-02-20 20:02:35','2018-02-20 20:02:35'),(60,'Ezra Cormier','1-758-373-5890 x979','rupert.yundt@satterfield.com',1,1,'2018-02-20 20:02:35','2018-02-20 20:02:35'),(61,'Mr. Zoie Wolf','156-862-8455 x06753','enoch.mclaughlin@gutkowski.io',1,7,'2018-02-20 20:02:35','2018-02-20 20:02:35'),(62,'Raquel Mosciski','1-692-408-6310 x62223','jaquelin_batz@mckenzie.biz',0,4,'2018-02-20 20:02:35','2018-02-20 20:02:35'),(63,'Francis Sporer','848-356-5708 x56569','ernesto@runolfon.io',0,8,'2018-02-20 20:02:35','2018-02-20 20:02:35'),(64,'Edgar Hyatt I','1-832-139-0494 x93259','julia.larson@gerlachtorp.com',0,2,'2018-02-20 20:02:35','2018-02-20 20:02:35'),(65,'Taurean Crooks','1-140-183-6240','albina@jacobi.biz',1,9,'2018-02-20 20:02:35','2018-02-20 20:02:35'),(66,'Miss Carmela Boehm','(620) 194-0699 x5599','diego@sauerreinger.biz',1,6,'2018-02-20 20:02:35','2018-02-20 20:02:35'),(67,'Zula Watsica','(394) 441-8157 x94337','tre@eichmannkunde.name',0,4,'2018-02-20 20:02:35','2018-02-20 20:02:35'),(68,'Avis Denesik PhD','931-998-2651 x62629','electa.gulgowski@nienow.com',1,2,'2018-02-20 20:02:35','2018-02-20 20:02:35'),(69,'Trycia Gottlieb','(149) 083-7344','rogelio@dickinsonrutherford.io',1,8,'2018-02-20 20:02:35','2018-02-20 20:02:35'),(70,'Neil Terry I','725-767-7866 x23245','athena.krajcik@ziemannkertzmann.com',0,2,'2018-02-20 20:02:35','2018-02-20 20:02:35'),(71,'Hilario Schulist','1-655-291-7277 x96791','jaquan_legros@klingerdman.io',1,8,'2018-02-20 20:02:35','2018-02-20 20:02:35'),(72,'Trisha Mitchell','(473) 401-1890','prudence.okuneva@spinka.name',0,3,'2018-02-20 20:02:35','2018-02-20 20:02:35'),(73,'Ocie Adams','1-735-310-3739','monica.keebler@altenwerth.info',0,1,'2018-02-20 20:02:35','2018-02-20 20:02:35'),(74,'Forest Reichel Sr.','1-311-703-4594','kyleigh_altenwerth@okeefe.co',1,9,'2018-02-20 20:02:35','2018-02-20 20:02:35'),(75,'Wilmer Breitenberg','423-877-8116','jermain_braun@boganmcdermott.info',0,8,'2018-02-20 20:02:35','2018-02-20 20:02:35'),(76,'Hilton Jaskolski','1-329-652-2065 x9961','devonte@altenwerthschimmel.co',0,4,'2018-02-20 20:02:35','2018-02-20 20:02:35'),(77,'Jaden Gutkowski','582-019-3396 x6855','noah@borer.net',0,7,'2018-02-20 20:02:35','2018-02-20 20:02:35'),(78,'Rex Hessel Jr.','1-256-450-2360','german.reynolds@braun.biz',0,10,'2018-02-20 20:02:35','2018-02-20 20:02:35'),(79,'Chauncey Dickinson','(185) 898-5005 x32859','dedrick.hane@raynorfahey.biz',1,1,'2018-02-20 20:02:35','2018-02-20 20:02:35'),(80,'Hilario Gorczany','787.574.6564 x28967','alf@cronaturcotte.name',0,4,'2018-02-20 20:02:35','2018-02-20 20:02:35'),(81,'Elsa VonRueden','431-561-6562 x98565','manuel@schowalter.com',1,7,'2018-02-20 20:02:35','2018-02-20 20:02:35'),(82,'Ms. Ayla Keeling','965.369.1210','cooper.douglas@ryan.com',0,9,'2018-02-20 20:02:35','2018-02-20 20:02:35'),(83,'Gilberto Macejkovic','868.963.9019','paul_anderson@koepp.biz',1,1,'2018-02-20 20:02:35','2018-02-20 20:02:35'),(84,'Ansel Schumm','771.095.9691 x3127','rhea@runtewilliamson.info',1,7,'2018-02-20 20:02:35','2018-02-20 20:02:35'),(85,'Georgiana Nienow','156-665-5306 x18061','marlene@batz.io',0,6,'2018-02-20 20:02:35','2018-02-20 20:02:35'),(86,'Oliver Bauch PhD','(843) 380-7184 x42428','hertha_bauch@lesch.name',1,2,'2018-02-20 20:02:35','2018-02-20 20:02:35'),(87,'Arthur Crist','1-715-005-2853 x49219','carter@crookswatsica.com',1,3,'2018-02-20 20:02:35','2018-02-20 20:02:35'),(88,'Roberto Bosco V','256-793-3998 x418','gwendolyn.kovacek@stammframi.org',1,8,'2018-02-20 20:02:35','2018-02-20 20:02:35'),(89,'Arnoldo Cummings','913.436.9650','buck@wehner.info',0,3,'2018-02-20 20:02:35','2018-02-20 20:02:35'),(90,'Domenick Stracke','674.952.6851','modesta_cummings@daughertyblock.info',1,10,'2018-02-20 20:02:35','2018-02-20 20:02:35'),(91,'Austen Grimes','710.446.9736 x12222','lucas_senger@simoniskerluke.net',1,4,'2018-02-20 20:02:35','2018-02-20 20:02:35'),(92,'Mabel Friesen','1-807-198-5337 x127','alfred.grady@erdman.net',0,6,'2018-02-20 20:02:35','2018-02-20 20:02:35'),(93,'Hadley Turner IV','(803) 158-7229 x4862','nova_price@schuster.io',0,5,'2018-02-20 20:02:35','2018-02-20 20:02:35'),(94,'Eileen Stokes','(954) 903-2150','sabrina.blanda@treutel.co',0,8,'2018-02-20 20:02:35','2018-02-20 20:02:35'),(95,'Hillard Willms DDS','271.622.9837','savanah.mckenzie@marvin.com',0,4,'2018-02-20 20:02:35','2018-02-20 20:02:35'),(96,'Alvah Zulauf','575-553-1066','layne.luettgen@johnston.net',1,6,'2018-02-20 20:02:35','2018-02-20 20:02:35'),(97,'Carolina Oberbrunner','(609) 177-9175 x42074','norberto@beer.io',0,6,'2018-02-20 20:02:35','2018-02-20 20:02:35'),(98,'Burdette Quitzon','(232) 489-6426 x00003','linnie@ward.name',1,8,'2018-02-20 20:02:35','2018-02-20 20:02:35'),(99,'Javier Kilback','(856) 354-7432 x03862','lula_schamberger@bruen.org',1,1,'2018-02-20 20:02:35','2018-02-20 20:02:35'),(100,'Jalon Schmeler Sr.','449-525-2446 x1851','lura@wisoky.biz',1,10,'2018-02-20 20:02:35','2018-02-20 20:02:35');
/*!40000 ALTER TABLE `volunteers` ENABLE KEYS */;
UNLOCK TABLES;
/*!40103 SET TIME_ZONE=@OLD_TIME_ZONE */;

/*!40101 SET SQL_MODE=@OLD_SQL_MODE */;
/*!40014 SET FOREIGN_KEY_CHECKS=@OLD_FOREIGN_KEY_CHECKS */;
/*!40014 SET UNIQUE_CHECKS=@OLD_UNIQUE_CHECKS */;
/*!40101 SET CHARACTER_SET_CLIENT=@OLD_CHARACTER_SET_CLIENT */;
/*!40101 SET CHARACTER_SET_RESULTS=@OLD_CHARACTER_SET_RESULTS */;
/*!40101 SET COLLATION_CONNECTION=@OLD_COLLATION_CONNECTION */;
/*!40111 SET SQL_NOTES=@OLD_SQL_NOTES */;

-- Dump completed on 2018-02-20 14:16:30
